rec_id,Phone Number ,Age ,Gender ,State,Name ,Birthday
rec-00-org,(934) 339-7293,75,female,north carolina,adrian,23-11-2008
rec-01-org,(109) 732-6035,25,female,illinois,daniella,19-04-2009
rec-02-org,(538) 869-8072,23,male,new jersey,jesse,16-12-2007
rec-03-org,(749) 055-3091,48,female,tennessee,tarnia,31-01-2007
rec-04-org,(659) 526-3642,27,female,california,thomas,25-06-2012
rec-05-org,(149) 417-7493,90,male,california,eden,12-12-2007
rec-06-org,(388) 593-0500,85,male,massachusetts,blaize,20-10-2006
rec-07-org,(625) 079-4436,85,male,arizona,lucas,15-01-2012
rec-08-org,(713) 045-3025,63,female,maine,isabella,06-05-2007
rec-09-org,(394) 158-2100,58,male,florida,lauren,30-04-2011
rec-10-org,(250) 316-8628,26,female,california,jake,22-08-2004
rec-11-org,(386) 938-4124,55,female,washington,tess,17-06-2001
rec-12-org,(500) 156-6889,73,female,illinois,george,18-10-2007
rec-13-org,(796) 744-6642,50,female,north carolina,victoria,25-01-2002
rec-14-org,(853) 025-0245,71,female,michigan,cooper,28-12-2003
rec-15-org,(430) 242-6479,35,female,ohio,maliah,29-05-2005
rec-16-org,(506) 994-1953,50,male,california,chelsea,12-05-2011
rec-17-org,(337) 203-4603,36,male,new york,jack,27-01-2005
rec-18-org,(431) 992-9947,50,male,kentucky,dominic,05-08-2006
rec-19-org,(181) 823-5856,34,female,illinois,benedict,04-07-2009
rec-20-org,(905) 825-3877,56,male,arizona,lewis,25-02-2001
rec-21-org,(451) 646-0949,57,female,california,ella,05-02-2012
rec-22-org,(175) 977-4119,55,female,virginia,jacob,24-07-2012
rec-23-org,(509) 190-3100,81,male,north dakota,holly,19-10-2010
rec-24-org,(844) 886-8005,52,male,florida,amber,16-09-2010
rec-25-org,(441) 114-7966,71,female,california,hugo,27-08-2011
rec-26-org,(378) 967-1045,73,female,michigan,william,04-04-2010
rec-27-org,(452) 357-4993,74,male,virginia,matthew,24-05-2008
rec-28-org,(297) 186-5206,56,male,massachusetts,toby,15-02-2009
rec-29-org,(165) 986-3740,82,male,virginia,william,15-01-2005
rec-30-org,(555) 515-1716,46,male,wisconsin,cameron,18-06-2005
rec-31-org,(211) 377-3484,84,male,new york,xavier,04-11-2011
rec-32-org,(407) 142-8031,70,female,indiana,lachlan,30-05-2002
rec-33-org,(624) 558-9994,83,female,florida,emiily,13-10-2003
rec-34-org,(179) 376-5438,55,female,florida,ava,20-10-2008
rec-35-org,(893) 115-7635,72,male,louisiana,louis,11-08-2009
rec-36-org,(198) 329-2104,73,male,arizona,dylan,16-04-2010
rec-37-org,(747) 771-0403,29,female,missouri,jade,28-01-2005
rec-38-org,(763) 122-9087,84,male,florida,adam,27-02-2011
rec-39-org,(498) 182-0505,80,female,massachusetts,harrison,10-11-2003
rec-40-org,(993) 610-7870,41,male,michigan,kelsey,01-02-2010
rec-41-org,(166) 345-8626,78,female,virginia,chloe,22-10-2012
rec-42-org,(208) 800-7408,37,male,north carolina,jade,19-07-2011
rec-43-org,(587) 905-9476,89,female,texas,michelle,14-08-2008
rec-44-org,(842) 214-7032,28,male,louisiana,adam,18-05-2006
rec-45-org,(556) 634-3896,33,female,nevada,macey,21-01-2011
rec-46-org,(647) 698-8018,53,female,california,sienna,27-01-2011
rec-47-org,(484) 005-2778,47,female,texas,lydia,06-01-2003
rec-48-org,(974) 587-6136,72,male,maryland,samuel,20-03-2007
rec-49-org,(889) 571-7499,30,female,nevada,lucy,18-12-2009
rec-50-org,(258) 472-4391,36,male,nebraska,elli,29-11-2002
rec-51-org,(967) 518-1851,38,female,virginia,jayme,04-01-2010
rec-52-org,(772) 411-5114,54,female,new york,hayden,12-05-2005
rec-53-org,(907) 137-4411,33,male,new york,kiera,02-08-2008
rec-54-org,(205) 483-8660,45,male,illinois,olivia,26-02-2004
rec-55-org,(870) 491-3488,51,female,indiana,marlee,24-01-2001
rec-56-org,(674) 539-2710,41,female,florida,chelsea,28-04-2010
rec-57-org,(668) 014-1672,30,female,indiana,ethan,15-05-2005
rec-58-org,(151) 730-7033,44,male,rhode island,kyle,13-07-2005
rec-59-org,(751) 149-5453,33,male,illinois,grace,09-09-2012
rec-60-org,(757) 866-6200,70,female,north carolina,seth,16-06-2002
rec-61-org,(220) 024-2174,35,female,california,zachary,16-05-2001
rec-62-org,(495) 053-6540,38,male,kentucky,blaize,26-07-2005
rec-63-org,(286) 886-3033,41,female,arizona,isabella,02-06-2001
rec-64-org,(616) 293-8781,27,female,texas,amy,21-12-2005
rec-65-org,(134) 594-5825,78,female,ohio,jessica,04-12-2010
rec-66-org,(523) 753-6613,57,male,washington,julia,20-06-2001
rec-67-org,(276) 714-0136,82,female,louisiana,matthew,18-01-2009
rec-68-org,(635) 264-4931,45,male,mississippi,finn,23-04-2007
rec-69-org,(401) 413-6934,76,male,north carolina,teagan,06-03-2011
rec-70-org,(833) 478-0616,21,male,ohio,annabel,23-07-2012
rec-71-org,(157) 877-4256,74,female,texas,isobel,24-08-2005
rec-72-org,(871) 193-7224,55,male,california,mikayla,28-02-2005
rec-73-org,(843) 671-0282,88,female,south carolina,lucy,16-05-2002
rec-74-org,(932) 057-9271,70,male,ohio,tenille,03-08-2009
rec-75-org,(585) 123-8397,45,male,california,stephen,12-02-2001
rec-76-org,(703) 081-4035,21,male,florida,lucy,04-08-2001
rec-77-org,(575) 875-4796,82,female,iowa,sarah,08-02-2005
rec-78-org,(445) 204-0407,81,female,new york,zachariah,14-06-2004
rec-79-org,(866) 359-8593,81,male,texas,michael,12-01-2001
rec-80-org,(259) 771-9958,61,female,connecticut,toby,13-05-2012
rec-81-org,(548) 461-9536,50,female,california,arki,05-02-2008
rec-82-org,(691) 368-0419,34,male,washington,gianni,26-08-2008
rec-83-org,(700) 404-7855,37,male,ohio,jack,16-07-2009
rec-84-org,(118) 626-0780,71,female,texas,olivia,26-11-2001
rec-85-org,(591) 894-9928,66,male,new york,kiera,20-09-2009
rec-86-org,(114) 681-9352,18,female,connecticut,lauren,03-07-2009
rec-87-org,(766) 740-9500,42,female,new jersey,mattheo,11-07-2010
rec-88-org,(759) 271-0932,42,female,new york,leah,22-01-2001
rec-89-org,(988) 398-2253,52,male,virginia,lachlan,08-05-2002
rec-90-org,(216) 218-2610,47,male,illinois,cassandra,03-04-2008
rec-91-org,(907) 474-6351,72,female,texas,jayden,18-04-2006
rec-92-org,(533) 563-3924,61,male,massachusetts,benjamin,24-03-2012
rec-93-org,(528) 352-7159,55,male,new jersey,ruby,26-12-2008
rec-94-org,(756) 506-8697,81,female,florida,leah,17-04-2006
rec-95-org,(887) 338-8620,44,female,washington,elle,07-11-2002
rec-96-org,(612) 979-2799,39,male,texas,madelyn,16-05-2005
rec-97-org,(361) 318-9103,68,female,tennessee,latham,04-04-2004
rec-98-org,(732) 928-0181,32,male,pennsylvania,victoria,09-07-2012
rec-99-org,(480) 917-5702,28,male,pennsylvania,paige,21-05-2001
